t_s,temp_c,sm_clock_mhz,power_w,gpu_util_pct,throttle_active,system_ram_used_gb
0.06302416895050555,47.0,2405.0,13.3,0.0,False,28.665286656
2.1131705199950375,55.0,2496.0,51.22,95.0,False,28.652457984
4.169189400970936,55.0,2496.0,51.22,95.0,False,28.62917632
6.218883922963869,56.0,2496.0,51.43,96.0,False,28.581183488
8.286032546951901,57.0,2496.0,51.48,96.0,False,28.546183168
10.337201681977604,58.0,2496.0,51.67,95.0,False,28.572377088
12.387525993981399,58.0,2496.0,51.78,95.0,False,28.568690688
14.442127018002793,58.0,2496.0,51.93,96.0,False,28.544692224
16.50368038599845,59.0,2496.0,52.03,95.0,False,28.555173888
18.557889084971976,59.0,2496.0,52.21,95.0,False,28.477067264
20.613596141978633,60.0,2496.0,52.43,95.0,False,28.436656128
22.668945404002443,60.0,2496.0,52.35,96.0,False,28.423892992
24.728783378959633,61.0,2496.0,52.26,95.0,False,28.390903808
26.785549733962398,61.0,2496.0,52.62,96.0,False,28.361785344
28.846965827979147,61.0,2496.0,52.61,96.0,False,28.363956224
30.90117886796361,62.0,2496.0,52.7,95.0,False,28.316598272
32.96648808498867,62.0,2496.0,52.76,95.0,False,28.283506688
35.02357561996905,62.0,2496.0,52.79,95.0,False,28.26856448
37.08056361594936,62.0,2476.0,52.84,95.0,False,28.225273856
39.150761817989405,62.0,2476.0,52.91,95.0,False,28.231712768
41.20301194197964,64.0,2476.0,53.03,95.0,False,28.21445632
43.25644624896813,63.0,2476.0,53.08,96.0,False,28.225298432
45.30572406499414,64.0,2476.0,52.99,96.0,False,28.208513024
47.36038251896389,63.0,2476.0,53.23,95.0,False,28.205830144
49.43065648898482,64.0,2476.0,53.27,95.0,False,28.206026752
51.489426037005614,64.0,2476.0,53.15,96.0,False,28.179099648
53.551173504965845,64.0,2476.0,53.04,95.0,False,28.199051264
55.603371153993066,64.0,2476.0,53.18,95.0,False,28.17523712
57.65358526998898,63.0,2476.0,53.25,95.0,False,28.168679424
59.69986547296867,64.0,2476.0,53.36,95.0,False,28.202242048
61.75668615399627,64.0,2476.0,53.31,95.0,False,28.159270912
63.85440283600474,64.0,2476.0,53.22,96.0,False,28.149112832
65.9079408539692,64.0,2476.0,53.35,95.0,False,28.130390016
67.96812694199616,65.0,2476.0,53.36,96.0,False,28.121440256
70.01703873695806,64.0,2476.0,53.33,95.0,False,28.143816704
72.07316121394979,65.0,2476.0,53.31,95.0,False,28.142096384
74.12371093599359,64.0,2476.0,53.41,96.0,False,28.138463232
76.18117002496729,64.0,2476.0,53.35,96.0,False,28.125114368
78.2479066089727,64.0,2476.0,53.27,96.0,False,28.119339008
80.30350857996382,64.0,2476.0,53.32,95.0,False,28.112941056
82.37217337999027,65.0,2476.0,53.36,96.0,False,28.116426752
84.42812544695335,64.0,2476.0,53.27,95.0,False,28.133470208
86.49634459300432,64.0,2476.0,53.38,95.0,False,28.139630592
88.55378823395586,64.0,2476.0,53.42,96.0,False,28.142104576
90.60640417999821,65.0,2476.0,53.32,95.0,False,28.122783744
92.66068605496548,65.0,2476.0,53.43,96.0,False,28.11797504
94.72826533595799,64.0,2476.0,53.43,95.0,False,28.096475136
96.78338052495383,65.0,2476.0,53.44,95.0,False,28.126584832
98.84342220600229,65.0,2476.0,53.37,96.0,False,28.11580416
100.90884831699077,65.0,2476.0,53.41,96.0,False,28.10894336
102.97263833798934,65.0,2476.0,53.5,95.0,False,28.100849664
105.02212673600297,65.0,2476.0,53.47,95.0,False,28.098572288
107.0753716029576,65.0,2476.0,53.43,95.0,False,28.127924224
109.13180706294952,65.0,2476.0,53.47,96.0,False,28.13943808
111.18785794399446,64.0,2476.0,53.41,96.0,False,28.139978752
113.24829235300422,65.0,2476.0,53.46,95.0,False,28.150935552
115.2961405259557,65.0,2476.0,53.58,95.0,False,28.142252032
117.36989681998966,65.0,2476.0,53.48,95.0,False,28.142931968
119.42960936500458,66.0,2476.0,53.46,95.0,False,28.16464896
121.49148220894858,65.0,2476.0,53.48,96.0,False,28.163354624
123.55230923800264,66.0,2476.0,53.47,96.0,False,28.150255616
125.60007642797427,66.0,2476.0,53.44,95.0,False,28.144812032
127.6526256770012,65.0,2476.0,53.5,95.0,False,28.132786176
129.72286475799046,65.0,2476.0,53.51,95.0,False,28.134129664
131.7718741109711,65.0,2476.0,53.47,96.0,False,28.158455808
133.8419325319701,65.0,2476.0,53.41,95.0,False,28.146999296
135.90038019395433,65.0,2476.0,53.51,96.0,False,28.142047232
137.95566591696115,65.0,2476.0,53.51,95.0,False,28.14547968
140.01797331200214,65.0,2476.0,53.5,96.0,False,28.171423744
142.06918907200452,65.0,2476.0,53.59,95.0,False,28.172087296
144.1253022189485,65.0,2476.0,53.44,95.0,False,28.163764224
146.17418284295127,65.0,2476.0,53.53,96.0,False,28.169244672
148.2235474199988,65.0,2476.0,53.54,95.0,False,28.14758912
150.28958495799452,66.0,2476.0,53.51,96.0,False,28.141391872
152.35064336197684,66.0,2476.0,53.57,95.0,False,28.1468928
154.40619609999703,66.0,2476.0,53.62,95.0,False,28.14541824
156.46826125797816,65.0,2476.0,53.59,96.0,False,28.139544576
158.5381602550042,65.0,2476.0,53.56,95.0,False,28.122550272
160.59049271297408,65.0,2476.0,53.58,96.0,False,28.125437952
162.63926274998812,65.0,2476.0,53.68,96.0,False,28.160790528
164.71246750600403,66.0,2476.0,53.56,96.0,False,28.159397888
166.77399503899505,66.0,2476.0,53.51,95.0,False,28.160315392
168.8545266839792,65.0,2476.0,53.61,95.0,False,28.122742784
170.9063781099976,66.0,2476.0,53.69,96.0,False,28.120051712
172.96001234499272,66.0,2476.0,53.66,95.0,False,28.117295104
175.016823317972,66.0,2476.0,53.68,96.0,False,28.137476096
177.07278577197576,66.0,2476.0,53.69,95.0,False,28.136292352
179.12827667000238,66.0,2476.0,53.67,95.0,False,28.126502912
181.18532416899689,66.0,2476.0,53.67,96.0,False,28.112273408
183.24113263498293,65.0,2476.0,53.75,95.0,False,28.121403392
185.29917821695562,65.0,2476.0,53.65,96.0,False,28.121767936
187.36966713500442,65.0,2476.0,53.62,96.0,False,28.118016
189.424359911005,65.0,2476.0,53.69,95.0,False,28.140658688
191.4956079669646,66.0,2476.0,53.69,96.0,False,28.128792576
193.55339707795065,66.0,2476.0,53.72,95.0,False,28.156448768
195.6096724839881,66.0,2476.0,53.76,95.0,False,28.14953472
197.67035472998396,66.0,2476.0,53.77,95.0,False,28.154179584
199.72102558799088,66.0,2476.0,53.72,95.0,False,28.15643648
201.77188374195248,67.0,2476.0,53.68,95.0,False,28.153602048
203.84416102897376,66.0,2476.0,53.67,95.0,False,28.134735872
205.90590919699753,66.0,2476.0,53.68,96.0,False,28.124475392
207.97318795596948,66.0,2476.0,53.77,95.0,False,28.128600064
210.02350002195453,66.0,2476.0,53.96,95.0,False,28.129148928
212.08130789198913,66.0,2476.0,53.75,96.0,False,28.137148416
214.131409041991,66.0,2476.0,53.69,96.0,False,28.13059072
216.19676176999928,66.0,2476.0,53.85,95.0,False,28.1051136
218.25216344499495,66.0,2476.0,53.84,95.0,False,28.105945088
220.3067916269647,66.0,2476.0,53.75,96.0,False,28.094980096
222.36078095599078,66.0,2476.0,53.75,95.0,False,28.112031744
224.41374179796549,67.0,2476.0,53.72,95.0,False,28.108304384
226.47760281496448,67.0,2476.0,53.84,95.0,False,28.100780032
228.5274558599922,66.0,2476.0,53.72,96.0,False,28.087476224
230.58401129598496,66.0,2476.0,53.77,95.0,False,28.123701248
232.63663376297336,66.0,2476.0,53.93,96.0,False,28.158652416
234.68750559497857,66.0,2476.0,53.84,95.0,False,28.154249216
236.74519836198306,66.0,2476.0,53.74,96.0,False,28.145057792
238.84530816198094,66.0,2476.0,53.83,95.0,False,28.151922688
240.901484565984,66.0,2476.0,53.74,96.0,False,28.14816256
242.9559962549829,67.0,2476.0,53.85,96.0,False,28.144324608
245.01055074395845,67.0,2476.0,53.86,95.0,False,28.134883328
247.0681825929787,66.0,2476.0,53.84,96.0,False,28.128489472
249.1384913639631,67.0,2476.0,53.79,95.0,False,28.105150464
251.1965386539814,66.0,2476.0,53.86,95.0,False,28.11963392
253.2510680499836,66.0,2476.0,53.87,96.0,False,28.11420672
255.30995908594923,66.0,2476.0,53.8,95.0,False,28.112621568
257.365504565998,66.0,2476.0,53.83,96.0,False,28.104237056
259.41914168099174,66.0,2476.0,54.0,96.0,False,28.124086272
261.48781213199254,66.0,2476.0,53.8,96.0,False,28.146683904
263.5563388859737,67.0,2476.0,53.85,95.0,False,28.129083392
265.6107810270041,66.0,2476.0,53.86,95.0,False,28.123262976
267.6606175399502,66.0,2476.0,54.0,96.0,False,28.146618368
269.7113255930017,66.0,2476.0,53.92,95.0,False,28.137385984
271.76456234796206,66.0,2476.0,53.8,96.0,False,28.16800768
273.8482371849823,66.0,2476.0,53.82,96.0,False,28.154793984
275.9045678759576,66.0,2476.0,53.73,95.0,False,28.1279488
277.959337932989,66.0,2476.0,53.9,96.0,False,28.121010176
280.0147406969918,66.0,2476.0,53.84,95.0,False,28.14611456
282.07163849199424,67.0,2476.0,53.85,95.0,False,28.126830592
284.12843006197363,67.0,2476.0,53.85,96.0,False,28.132339712
286.1821477729827,67.0,2476.0,53.96,96.0,False,28.138872832
288.25046444899635,67.0,2476.0,53.91,95.0,False,28.128169984
290.3062576899538,66.0,2476.0,53.91,95.0,False,28.127248384
292.3632146799937,67.0,2476.0,53.84,96.0,False,28.126277632
294.41991438897094,66.0,2476.0,53.93,95.0,False,28.101115904
296.49151592794806,66.0,2476.0,53.89,95.0,False,28.101275648
298.5472517249873,66.0,2476.0,53.83,95.0,False,28.092071936
300.60301139298826,66.0,2476.0,53.77,96.0,False,28.133163008
302.66118132998236,67.0,2476.0,53.88,96.0,False,28.141006848
304.7164394889842,67.0,2476.0,53.94,95.0,False,28.158488576
306.7727065649815,67.0,2476.0,53.95,95.0,False,28.163416064
308.8432097719633,66.0,2476.0,53.92,95.0,False,28.132487168
310.9099330040044,67.0,2476.0,53.87,96.0,False,28.151402496
312.97501792095136,67.0,2476.0,53.91,95.0,False,28.1414656
315.0334650729783,67.0,2476.0,53.94,95.0,False,28.144390144
317.07914735999657,67.0,2476.0,54.0,95.0,False,28.143480832
319.1425876139547,67.0,2476.0,53.96,95.0,False,28.115480576
321.21541363198776,67.0,2476.0,53.88,96.0,False,28.111847424
323.2700524039683,67.0,2476.0,53.92,95.0,False,28.145299456
325.32449576898944,67.0,2476.0,53.81,95.0,False,28.124233728
327.3766559899668,67.0,2476.0,54.0,95.0,False,28.135522304
329.4308429939556,66.0,2476.0,53.95,95.0,False,28.119744512
331.4891598629765,66.0,2476.0,53.98,96.0,False,28.121321472
333.5401855529635,67.0,2476.0,54.08,95.0,False,28.137005056
335.59625295200385,67.0,2476.0,54.05,96.0,False,28.134129664
337.65439036895987,67.0,2476.0,53.97,95.0,False,28.122865664
339.7095281009679,67.0,2476.0,54.06,95.0,False,28.128743424
341.7649633529945,66.0,2476.0,54.01,96.0,False,28.147769344
343.85348307696404,67.0,2476.0,53.99,96.0,False,28.122431488
345.9153418489732,67.0,2476.0,54.04,96.0,False,28.099162112
347.975802586996,67.0,2476.0,54.0,95.0,False,28.106031104
350.0373524449533,67.0,2476.0,54.04,96.0,False,28.100071424
352.0911405439838,67.0,2476.0,54.0,95.0,False,28.104331264
354.1433012159541,67.0,2476.0,53.96,96.0,False,28.098383872
356.1968024529633,67.0,2476.0,54.05,96.0,False,28.12196864
358.2523031339515,67.0,2476.0,54.1,95.0,False,28.133535744
360.30800717597594,67.0,2476.0,53.99,95.0,False,28.144152576
362.3644693569513,67.0,2476.0,54.05,96.0,False,28.140261376
364.4210457119625,67.0,2476.0,53.99,95.0,False,28.147134464
366.4759282079758,67.0,2476.0,54.08,95.0,False,28.151877632
368.53354920400307,67.0,2476.0,54.0,96.0,False,28.160503808
370.58721909695305,66.0,2476.0,54.05,95.0,False,28.161273856
372.6429517969955,67.0,2476.0,54.04,96.0,False,28.14119936
374.71883200097363,67.0,2476.0,54.06,96.0,False,28.13315072
376.77419656398706,67.0,2476.0,53.99,95.0,False,28.1556992
378.844968795951,67.0,2476.0,53.94,95.0,False,28.161585152
380.90326272696257,67.0,2476.0,54.01,96.0,False,28.147654656
382.97033541597193,67.0,2476.0,53.97,95.0,False,28.133318656
385.031766718952,67.0,2476.0,53.91,95.0,False,28.123230208
387.09432161197765,67.0,2476.0,54.03,96.0,False,28.134948864
389.1493378209998,67.0,2476.0,53.98,95.0,False,28.135133184
391.2068279509549,67.0,2476.0,53.98,95.0,False,28.117356544
393.2718657130026,68.0,2476.0,54.04,96.0,False,28.107235328
395.3269082349725,67.0,2476.0,54.07,95.0,False,28.1304064
397.3964391089976,67.0,2476.0,54.09,95.0,False,28.132061184
399.4584810299566,67.0,2476.0,54.11,95.0,False,28.122189824
401.51860139897326,67.0,2476.0,53.99,95.0,False,28.11303936
403.57551417697687,67.0,2476.0,54.24,95.0,False,28.104548352
405.63409945496824,67.0,2476.0,54.06,96.0,False,28.097007616
407.6899432949722,67.0,2476.0,54.03,96.0,False,28.083818496
409.7447039539693,67.0,2476.0,54.12,96.0,False,28.099485696
411.81998713698704,67.0,2476.0,53.98,95.0,False,28.112355328
413.86929610796506,67.0,2476.0,54.04,96.0,False,28.118458368
415.9218880899716,67.0,2476.0,54.06,96.0,False,28.136955904
417.9868734880001,67.0,2476.0,54.07,95.0,False,28.13693952
420.0445761369774,67.0,2476.0,54.1,96.0,False,28.13970432
422.09701609099284,67.0,2476.0,54.06,95.0,False,28.129419264
424.1528246899834,67.0,2476.0,54.07,96.0,False,28.106522624
426.2081661539851,67.0,2476.0,53.92,95.0,False,28.095574016
428.27322555996943,67.0,2476.0,53.99,96.0,False,28.114579456
430.3240659199655,67.0,2476.0,54.0,95.0,False,28.117417984
432.39442631899146,67.0,2476.0,54.06,95.0,False,28.13720576
434.4491829749895,67.0,2476.0,53.96,96.0,False,28.147187712
436.5041833429714,67.0,2476.0,54.05,95.0,False,28.14017536
438.57239665900124,67.0,2476.0,54.2,95.0,False,28.138811392
440.62411276600324,67.0,2476.0,53.87,95.0,False,28.105986048
442.6784844189533,67.0,2476.0,53.99,95.0,False,28.11170816
444.73641260998556,67.0,2476.0,53.92,95.0,False,28.100145152
446.7909016329795,68.0,2476.0,54.06,95.0,False,28.104896512
448.85146800696384,67.0,2476.0,54.01,96.0,False,28.101808128
450.9007162429625,68.0,2476.0,54.05,95.0,False,28.078759936
452.9559227889986,67.0,2476.0,54.03,96.0,False,28.064108544
455.0130322930054,67.0,2476.0,54.0,95.0,False,28.0713216
457.064707300975,67.0,2476.0,54.04,95.0,False,28.082561024
459.1155699559604,68.0,2476.0,54.08,95.0,False,28.07578624
461.16951690398855,67.0,2476.0,54.06,96.0,False,28.089823232
463.22277092695003,67.0,2476.0,54.11,95.0,False,28.087058432
465.28016602795105,67.0,2476.0,54.05,96.0,False,28.071231488
467.3338678010041,67.0,2476.0,54.11,95.0,False,28.066983936
469.3861473569996,68.0,2476.0,54.04,96.0,False,28.086235136
471.4421711199684,67.0,2476.0,54.06,95.0,False,28.068048896
473.49764071498066,67.0,2476.0,54.1,96.0,False,28.080197632
475.55157868296374,67.0,2476.0,54.03,95.0,False,28.089585664
477.60436252196087,67.0,2476.0,54.07,96.0,False,28.074717184
479.6551153989858,67.0,2476.0,54.13,96.0,False,28.114259968
481.71315814595437,67.0,2476.0,54.01,96.0,False,28.103294976
483.7696452199598,67.0,2476.0,53.99,95.0,False,28.140224512
485.84507075796137,67.0,2476.0,54.08,96.0,False,28.120772608
487.8992892379756,68.0,2476.0,54.08,95.0,False,28.141633536
489.9525114639546,67.0,2476.0,54.08,95.0,False,28.113760256
492.0075903319521,67.0,2476.0,53.95,95.0,False,28.118818816
494.0600700729992,67.0,2476.0,54.08,96.0,False,28.089368576
496.110041663982,67.0,2476.0,54.09,95.0,False,28.067958784
498.16322695999406,67.0,2476.0,54.17,96.0,False,28.055896064
500.2198535979842,67.0,2476.0,54.14,96.0,False,28.0572928
502.2749738160055,67.0,2476.0,54.15,95.0,False,28.063268864
504.33114887197735,67.0,2476.0,54.12,96.0,False,28.084805632
506.38842863898026,68.0,2476.0,54.12,95.0,False,28.080164864
508.4445822489797,68.0,2476.0,54.06,96.0,False,28.074962944
510.5155689389794,67.0,2476.0,54.09,96.0,False,28.070166528
512.5782784269541,67.0,2476.0,54.07,95.0,False,28.09856
514.6371289779781,67.0,2476.0,54.05,96.0,False,28.101005312
516.6988194849691,67.0,2476.0,54.03,95.0,False,28.062691328
518.7671256109606,67.0,2476.0,54.06,96.0,False,28.101758976
520.8438842789619,67.0,2476.0,54.09,96.0,False,28.087537664
522.8947072079754,67.0,2476.0,54.05,95.0,False,28.070760448
524.9473681419622,67.0,2476.0,54.04,96.0,False,28.109918208
527.0161814399762,67.0,2476.0,54.05,95.0,False,28.085100544
529.0727335889824,67.0,2476.0,54.06,95.0,False,28.071325696
531.1302213139716,67.0,2476.0,54.04,96.0,False,28.079788032
533.1880792609882,67.0,2476.0,54.06,95.0,False,28.079714304
535.2436940459884,67.0,2476.0,54.18,95.0,False,28.042489856
537.3009176990017,67.0,2476.0,54.16,96.0,False,28.046610432
539.356509174977,67.0,2476.0,54.15,95.0,False,28.051980288
541.4082554639899,67.0,2476.0,54.05,96.0,False,28.076204032
543.4646533729974,67.0,2476.0,54.19,95.0,False,28.086767616
545.5235671720002,68.0,2476.0,54.1,95.0,False,28.135550976
547.576219763956,67.0,2476.0,54.1,95.0,False,28.126220288
549.6433330739965,68.0,2476.0,54.11,96.0,False,28.136873984
551.7196580749587,67.0,2476.0,54.14,96.0,False,28.118921216
553.7768904039986,67.0,2476.0,54.12,95.0,False,28.118532096
555.8341488259612,67.0,2476.0,54.04,95.0,False,28.09800704
557.8848633180023,67.0,2476.0,54.0,96.0,False,28.091551744
559.940188454988,67.0,2476.0,54.11,95.0,False,28.099190784
561.9962353279698,67.0,2476.0,54.1,95.0,False,28.116680704
564.052064946969,67.0,2476.0,54.08,96.0,False,28.132610048
566.110582764959,67.0,2476.0,54.13,96.0,False,28.095807488
568.1698968969868,67.0,2476.0,54.12,95.0,False,28.09329664
570.2219817150035,67.0,2476.0,54.15,96.0,False,28.09808896
572.2766033709631,67.0,2476.0,54.14,95.0,False,28.100243456
574.3395271199988,67.0,2476.0,54.08,96.0,False,28.098199552
576.4044574269792,67.0,2476.0,54.1,95.0,False,28.111540224
578.4616395159974,68.0,2476.0,54.17,96.0,False,28.101087232
580.5178891120013,68.0,2476.0,54.03,96.0,False,28.094234624
582.5833194689476,68.0,2476.0,54.02,95.0,False,28.10605568
584.6451596279512,67.0,2476.0,54.12,96.0,False,28.108521472
586.7009711519931,67.0,2476.0,54.14,95.0,False,28.11715584
588.7552034359542,67.0,2476.0,54.15,96.0,False,28.103110656
590.8321771989577,67.0,2476.0,54.08,96.0,False,28.102909952
592.899292460992,67.0,2476.0,54.13,95.0,False,28.091994112
594.9550859869923,67.0,2476.0,54.11,95.0,False,28.09974784
597.0101567179663,67.0,2476.0,54.08,96.0,False,28.113666048
599.07140557596,67.0,2476.0,54.04,95.0,False,28.10753024
601.1232207429712,68.0,2476.0,54.16,95.0,False,28.089593856
603.1986069189734,68.0,2476.0,54.14,95.0,False,28.08424448
605.2516983969836,68.0,2476.0,54.17,95.0,False,28.09370624
607.3077439849731,67.0,2476.0,54.11,96.0,False,28.110647296
609.3638405849924,67.0,2476.0,54.15,95.0,False,28.10847232
611.4341373649659,67.0,2476.0,54.22,96.0,False,28.124205056
613.4944504009909,67.0,2476.0,54.16,95.0,False,28.126683136
615.547196592961,67.0,2476.0,54.08,95.0,False,28.15035392
617.6032926609623,67.0,2476.0,54.15,95.0,False,28.114980864
619.6581698199734,67.0,2476.0,54.29,96.0,False,28.101582848
621.71920305799,67.0,2476.0,54.08,95.0,False,28.10380288
623.7756247929647,67.0,2476.0,54.1,96.0,False,28.086431744
625.8559527039761,67.0,2476.0,54.11,95.0,False,28.064903168
627.9081260499661,67.0,2476.0,54.08,95.0,False,28.074606592
629.9615924760001,68.0,2476.0,54.12,95.0,False,28.116545536
632.020218229969,68.0,2476.0,54.12,95.0,False,28.13804544
634.0791551949806,67.0,2476.0,54.13,95.0,False,28.128251904
636.1361853049602,67.0,2476.0,54.12,95.0,False,28.125995008
638.1878635209869,67.0,2476.0,54.05,95.0,False,28.126478336
640.2437517729704,67.0,2476.0,54.17,96.0,False,28.121509888
642.3103212399874,67.0,2476.0,54.12,95.0,False,28.092510208
644.3698744360008,67.0,2476.0,54.09,96.0,False,28.107661312
646.4211744179484,68.0,2476.0,54.31,95.0,False,28.114747392
648.474671909993,67.0,2476.0,54.12,95.0,False,28.101603328
650.5303545289789,67.0,2476.0,54.06,95.0,False,28.081713152
652.5858707369771,67.0,2476.0,54.17,96.0,False,28.09540608
654.6403641069774,68.0,2476.0,54.12,95.0,False,28.115197952
656.6989711279748,68.0,2476.0,54.17,96.0,False,28.09679872
658.7590672819642,68.0,2476.0,54.12,95.0,False,28.107665408
660.8377096569748,67.0,2476.0,54.22,95.0,False,28.11277312
662.8883120619575,67.0,2476.0,54.22,96.0,False,28.112416768
664.9454432560015,68.0,2476.0,54.15,95.0,False,28.088303616
667.0021480859723,68.0,2476.0,54.16,95.0,False,28.07537664
669.0574664259912,67.0,2476.0,54.13,96.0,False,28.092776448
671.1204420659924,67.0,2476.0,54.15,95.0,False,28.09669632
673.1814985219971,67.0,2476.0,54.25,96.0,False,28.088528896
675.2348035029718,68.0,2476.0,54.21,95.0,False,28.09503744
677.3010740669561,67.0,2476.0,54.25,96.0,False,28.096724992
679.3583863579552,67.0,2476.0,54.19,95.0,False,28.089921536
681.4157157939626,67.0,2476.0,54.19,95.0,False,28.114378752
683.4782471699873,67.0,2476.0,54.07,95.0,False,28.121505792
685.5307364019682,67.0,2476.0,54.26,95.0,False,28.104839168
687.5846149610006,67.0,2476.0,54.24,96.0,False,28.13382656
689.6493383839843,68.0,2476.0,54.21,95.0,False,28.095574016
691.7023643949651,67.0,2476.0,54.14,95.0,False,28.103319552
693.7584032279556,68.0,2476.0,54.35,95.0,False,28.087844864
695.8631988649722,68.0,2476.0,54.26,95.0,False,28.104712192
697.9183869579574,67.0,2476.0,54.16,96.0,False,28.120694784
699.975206764997,68.0,2476.0,54.19,95.0,False,28.123058176
702.0366939450032,68.0,2476.0,54.23,95.0,False,28.13253632
704.0882977399742,67.0,2476.0,54.32,95.0,False,28.117041152
706.1428842769819,67.0,2476.0,54.29,96.0,False,28.119576576
708.1947481829557,67.0,2476.0,54.17,95.0,False,28.127399936
710.2641815389507,68.0,2476.0,54.29,96.0,False,28.10497024
712.3234584209858,68.0,2476.0,54.22,95.0,False,28.092936192
714.3789989619981,68.0,2476.0,54.27,95.0,False,28.084477952
716.442371861951,67.0,2476.0,54.21,95.0,False,28.095893504
718.5053989149746,67.0,2476.0,54.21,96.0,False,28.101767168
720.5624266389641,68.0,2476.0,54.24,95.0,False,28.088479744
722.6152484499617,68.0,2476.0,54.12,95.0,False,28.120383488
724.6745674989652,67.0,2476.0,54.2,96.0,False,28.103909376
726.7259862499777,67.0,2476.0,54.32,95.0,False,28.103581696
728.78564989398,67.0,2476.0,54.21,96.0,False,28.136411136
730.8461757249897,67.0,2476.0,54.32,95.0,False,28.102393856
732.8964216599707,67.0,2476.0,54.35,96.0,False,28.107464704
734.9605961149791,68.0,2476.0,54.24,95.0,False,28.091674624
737.0133525799611,67.0,2476.0,54.19,96.0,False,28.109217792
739.0693775049876,68.0,2476.0,54.3,95.0,False,28.09223168
741.1245862909709,68.0,2476.0,54.34,96.0,False,28.109651968
743.1805483530043,68.0,2476.0,54.24,95.0,False,28.1090048
745.234027886996,67.0,2476.0,54.23,96.0,False,28.102832128
747.2894247109652,67.0,2476.0,54.23,95.0,False,28.105572352
749.3465784879518,67.0,2476.0,54.27,96.0,False,28.102373376
751.4021351419506,67.0,2476.0,54.25,95.0,False,28.101742592
753.4585428639548,68.0,2476.0,54.28,95.0,False,28.088090624
755.5090874399757,68.0,2476.0,54.19,95.0,False,28.093247488
757.5667159190052,68.0,2476.0,54.26,96.0,False,28.079456256
759.6221830759896,67.0,2476.0,54.25,95.0,False,28.103278592
761.6867237279657,68.0,2476.0,54.26,96.0,False,28.103245824
763.7502438889933,68.0,2476.0,54.27,95.0,False,28.094767104
765.8471759389504,68.0,2476.0,54.27,96.0,False,28.104835072
767.9065093949903,68.0,2476.0,54.35,96.0,False,28.109545472
769.9642818279681,68.0,2476.0,54.36,95.0,False,28.1137152
772.0297889380017,68.0,2476.0,54.3,95.0,False,28.10642432
774.0905782799819,68.0,2476.0,54.33,95.0,False,28.090146816
776.1446434429963,67.0,2476.0,54.36,96.0,False,28.115152896
778.2115597979864,68.0,2476.0,54.34,95.0,False,28.12831744
780.2681583139929,68.0,2476.0,54.31,96.0,False,28.108132352
782.3239322159789,68.0,2476.0,54.27,95.0,False,28.1049088
784.3798457719968,68.0,2476.0,54.26,95.0,False,28.124737536
786.4374680249603,68.0,2476.0,54.29,96.0,False,28.103053312
788.493499463948,68.0,2476.0,54.29,95.0,False,28.108537856
790.5479221349815,68.0,2476.0,54.1,95.0,False,28.117245952
792.6039872809779,68.0,2476.0,54.28,96.0,False,28.11203584
794.6622365229996,68.0,2476.0,54.31,95.0,False,28.12356608
796.72316799697,67.0,2476.0,54.19,96.0,False,28.1225216
798.7979670249624,68.0,2476.0,54.26,95.0,False,28.130557952
800.8456062949845,68.0,2476.0,54.24,96.0,False,28.11746304
802.9041007639607,68.0,2476.0,54.29,95.0,False,28.126707712
804.9627299279673,68.0,2476.0,54.1,96.0,False,28.115439616
807.0158585979952,68.0,2476.0,54.23,95.0,False,28.113772544
809.0714654979529,68.0,2476.0,54.3,95.0,False,28.100943872
811.1369217579486,68.0,2476.0,54.26,95.0,False,28.09319424
813.1936120449682,68.0,2476.0,54.22,95.0,False,28.08848384
815.2470229699975,68.0,2476.0,54.38,95.0,False,28.109213696
817.302520999976,67.0,2476.0,54.35,96.0,False,28.095864832
819.3581006070017,68.0,2476.0,54.32,95.0,False,28.113629184
821.4217965769931,68.0,2476.0,54.31,95.0,False,28.116885504
823.4743750579655,68.0,2476.0,54.32,96.0,False,28.106448896
825.5415353569551,68.0,2476.0,54.3,95.0,False,28.11293696
827.6033847350045,68.0,2476.0,54.22,96.0,False,28.119097344
829.657183111005,68.0,2476.0,54.44,96.0,False,28.102897664
831.7048339479952,68.0,2476.0,54.35,96.0,False,28.109910016
833.7566728299716,68.0,2476.0,54.28,95.0,False,28.104450048
835.8426090139546,68.0,2476.0,54.38,95.0,False,28.107313152
837.8956368869985,68.0,2476.0,54.32,96.0,False,28.10527744
839.9470624619862,68.0,2476.0,54.35,96.0,False,28.117614592
842.0030007089954,67.0,2476.0,54.26,96.0,False,28.090425344
844.0587988029583,68.0,2476.0,54.26,95.0,False,28.095389696
846.1193833969883,68.0,2476.0,54.25,95.0,False,28.076822528
848.1774732339545,67.0,2476.0,54.32,96.0,False,28.102823936
850.2278637879645,68.0,2476.0,54.24,95.0,False,28.12919808
852.2849053599639,67.0,2476.0,54.25,96.0,False,28.128456704
854.3394864489674,68.0,2476.0,54.25,95.0,False,28.116504576
856.3980149879935,68.0,2476.0,54.33,96.0,False,28.116320256
858.4572440569755,68.0,2476.0,54.27,95.0,False,28.147535872
860.5080254669883,68.0,2476.0,54.28,96.0,False,28.110073856
862.5613501829794,68.0,2476.0,54.19,95.0,False,28.102160384
864.6175648479839,67.0,2476.0,54.05,95.0,False,28.094582784
866.6847689659917,68.0,2476.0,54.25,95.0,False,28.086337536
868.7367510589538,67.0,2476.0,54.28,96.0,False,28.093321216
870.8406761779916,68.0,2476.0,54.28,96.0,False,28.112871424
872.9042817419977,68.0,2476.0,54.33,95.0,False,28.088578048
874.9612885039533,68.0,2476.0,54.26,95.0,False,28.103827456
877.016696746985,68.0,2476.0,54.28,95.0,False,28.11553792
879.0735638029873,68.0,2476.0,54.28,96.0,False,28.10036224
881.129523067968,68.0,2476.0,54.36,95.0,False,28.12727296
883.1937959789648,68.0,2476.0,54.26,95.0,False,28.122599424
885.2507515199832,68.0,2476.0,54.24,95.0,False,28.131045376
887.307597328967,67.0,2476.0,54.32,96.0,False,28.13761536
889.3661730259773,68.0,2476.0,54.35,95.0,False,28.123570176
891.4169117159909,68.0,2476.0,54.33,96.0,False,28.158980096
893.4822822699789,68.0,2476.0,54.38,95.0,False,28.143382528
895.5351454750053,68.0,2476.0,54.24,95.0,False,28.124766208
897.6026954079862,68.0,2476.0,54.35,96.0,False,28.109631488
899.6684028839809,68.0,2476.0,54.28,95.0,False,28.112007168
